,loss,accuracy
0,1011768.375,0.0
1,67901.0234375,0.0
2,47871.2890625,0.0
3,46449.546875,0.0
4,48215.29296875,0.0
5,45655.89453125,0.0
6,46546.3984375,0.0
7,43232.22265625,0.0
8,42028.6484375,0.0
9,46782.72265625,0.0
10,203.8397979736328,0.0
11,191.84481811523438,0.0
12,196.3695831298828,0.0
13,200.41055297851562,0.0
14,199.9064178466797,0.0
15,207.30238342285156,0.0
16,199.83839416503906,0.0
17,194.41331481933594,0.0
18,203.46603393554688,0.0
19,210.0913543701172,0.0
